{
  "config": "configs/grid_search_tabpfn_classification.yaml",
  "timestamp": "2026-02-24T16:39:58.682880",
  "metric": "error_rate",
  "results": [
    {
      "run_id": 1,
      "learning_rate": 0.0003,
      "batch_size": 1024,
      "n_estimators": 1,
      "weight_decay": 0.01,
      "grad_clip_norm": 1.0,
      "epochs_completed": 20,
      "loss_history": [
        1.2503370912043752,
        1.2067722647902726,
        1.2516720919388014,
        1.3095648533252213,
        1.3775187710727503,
        1.3722702290209847,
        1.3649496920753796,
        1.3681528511773369,
        1.3967811857633274,
        1.4032600251303247,
        1.4055906977602277,
        1.4139032637026985,
        1.334672212357823,
        1.245539694724827,
        1.4176221762158474
      ],
      "checkpoint": "checkpoint/fire_detector_tabpfn_run_01.pt",
      "error_rate": Infinity
    },
    {
      "run_id": 2,
      "learning_rate": 0.0003,
      "batch_size": 1024,
      "n_estimators": 1,
      "weight_decay": 0.01,
      "grad_clip_norm": 1.0,
      "epochs_completed": 20,
      "loss_history": [
        0.42120007140787474,
        1.185471853201895,
        1.0786640409263486,
        1.1049701766214262,
        1.100409658321327,
        1.067249147418593,
        1.0873081659003903,
        1.1078399147374665,
        1.1056718330997517,
        1.0993233051570566,
        1.0868986331298631,
        1.1023477773914692,
        1.1024073641132137,
        1.089568439451544,
        1.0870687103973011,
        1.0936988715546097,
        1.089738656961494,
        1.080004439022862,
        1.0709604319188173,
        1.0723521310858157
      ],
      "checkpoint": "checkpoint/fire_detector_tabpfn_run_02.pt",
      "error_rate": Infinity
    },
    {
      "run_id": 3,
      "learning_rate": 0.0003,
      "batch_size": 1024,
      "n_estimators": 1,
      "weight_decay": 0.01,
      "grad_clip_norm": 1.0,
      "epochs_completed": 20,
      "loss_history": [
        1.3196733961612062,
        1.177181276357926,
        1.3299365589973988,
        1.3451538032912835,
        1.3704865513673836,
        1.3122565309555727,
        1.3429764227044219,
        1.3329423574114079,
        1.358889767100481,
        1.3576568654414256,
        1.3721843123196242,
        1.371317003874911,
        1.3772397158946605,
        1.385826842034524,
        1.3956546640334293,
        1.3839873254021582,
        1.4131331340481577,
        1.4131422127383326,
        1.406583550803294,
        1.4144855669804492
      ],
      "checkpoint": "checkpoint/fire_detector_tabpfn_run_03.pt",
      "error_rate": Infinity
    },
    {
      "run_id": 4,
      "learning_rate": 0.0003,
      "batch_size": 1024,
      "n_estimators": 1,
      "weight_decay": 0.01,
      "grad_clip_norm": 1.0,
      "epochs_completed": 20,
      "loss_history": [
        0.9115753617251228,
        1.0726964038171372,
        1.0549243774318675,
        1.0869441906606918,
        1.088963212317627,
        1.0556487013900513,
        1.0257175013511288,
        1.0338403899585362,
        1.0429564821553574,
        1.041141760976359,
        1.0293369745483951,
        1.0249436416495261,
        1.004812345104284,
        0.9885493040046986,
        0.9594340966186414,
        0.9242620971574307,
        0.9031050623497854,
        1.0214992651651211,
        0.9963120535003442,
        0.9454626238492462
      ],
      "checkpoint": "checkpoint/fire_detector_tabpfn_run_04.pt",
      "error_rate": Infinity
    },
    {
      "run_id": 5,
      "learning_rate": 0.0003,
      "batch_size": 1024,
      "n_estimators": 2,
      "weight_decay": 0.01,
      "grad_clip_norm": 1.0,
      "epochs_completed": 20,
      "loss_history": [
        0.03233860906555178,
        0.013287900532138432,
        0.11845782008478958,
        0.15057268989990819,
        0.09224604889766252,
        0.09231762447655453,
        0.07028558256323816,
        0.07029389653111998,
        0.0705855602838547,
        0.07080917645823037,
        0.07030297181301709,
        0.07057297532584686,
        0.0705472705420501,
        0.0705221129847875,
        0.07059577815818216,
        0.516891935078473,
        0.6932324574318708,
        0.6932078540880331,
        0.6932314914429621,
        0.693235879273459
      ],
      "checkpoint": "checkpoint/fire_detector_tabpfn_run_05.pt",
      "error_rate": Infinity
    },
    {
      "run_id": 6,
      "learning_rate": 0.0003,
      "batch_size": 1024,
      "n_estimators": 2,
      "weight_decay": 0.01,
      "grad_clip_norm": 1.0,
      "epochs_completed": 20,
      "loss_history": [
        0.031933281842637315,
        0.48585316537854567,
        0.6935512341754503,
        0.6935188703169568,
        0.6934701701930577,
        0.6933564349920642,
        0.693262253647432,
        0.6932229436019232,
        0.6931809177346193,
        0.6931762299630523,
        0.6931884433635709,
        0.6931597555117724,
        0.6931613929487708,
        0.6931591251459696,
        0.6931559050315321,
        0.6931635277136012,
        0.693161019372496,
        0.6931579251293405,
        0.6931582575728589,
        0.6931579282079886
      ],
      "checkpoint": "checkpoint/fire_detector_tabpfn_run_06.pt",
      "error_rate": Infinity
    },
    {
      "run_id": 7,
      "learning_rate": 0.0003,
      "batch_size": 1024,
      "n_estimators": 2,
      "weight_decay": 0.01,
      "grad_clip_norm": 1.0,
      "epochs_completed": 20,
      "loss_history": [
        0.033705931084027876,
        0.10030654169777589,
        0.17639985103964503,
        0.6934834781286577,
        0.6932572007784896,
        0.693314456414813,
        0.6933206512602984,
        0.6933057442446263,
        0.6933282692486911,
        0.6933116829062195,
        0.6933281423680162,
        0.6933504371295836,
        0.6933461303028587,
        0.6933040214129972,
        0.6932893362618623,
        0.6932714004621578,
        0.6932407991044305,
        0.6932331581523518,
        0.6932164210570656,
        0.6931912473558269
      ],
      "checkpoint": "checkpoint/fire_detector_tabpfn_run_07.pt",
      "error_rate": Infinity
    },
    {
      "run_id": 8,
      "learning_rate": 0.0003,
      "batch_size": 1024,
      "n_estimators": 2,
      "weight_decay": 0.01,
      "grad_clip_norm": 1.0,
      "epochs_completed": 20,
      "loss_history": [
        0.031014496204857286,
        0.4107900666636608,
        0.6936071887044559,
        0.6963689352869105,
        0.6936990800396453,
        0.6936234841399229,
        0.6936057542563494,
        0.6935703533872722,
        0.6935723096914558,
        0.6935362746208831,
        0.6935145085287941,
        0.6934812317249838,
        0.693431995663978,
        0.693401823197251,
        0.6933570780257469,
        0.6933210800503594,
        0.6932932356976534,
        0.6932629837412434,
        0.6932364870793329,
        0.6931741685306088
      ],
      "checkpoint": "checkpoint/fire_detector_tabpfn_run_08.pt",
      "error_rate": Infinity
    },
    {
      "run_id": 9,
      "learning_rate": 0.0001,
      "batch_size": 1024,
      "n_estimators": 1,
      "weight_decay": 0.01,
      "grad_clip_norm": 1.0,
      "epochs_completed": 20,
      "loss_history": [
        0.045646303616617714,
        0.008647083828888541,
        0.007621039944087227,
        0.006701838505691135,
        0.0064370060785935565,
        0.0062205345134420265,
        0.006114090721963481,
        0.004910090150355504,
        0.005291867723165206,
        0.004655611278330726,
        0.004790068576531573,
        0.004238394288762324,
        0.004118373133315198,
        0.004137548475499807,
        0.0046165806641793785,
        0.0045444651555548825,
        0.004016004520507276,
        0.003847725831903801,
        0.003806498274042621,
        0.003676574916445287
      ],
      "checkpoint": "checkpoint/fire_detector_tabpfn_run_09.pt",